vessel_density,length_px,mean_width_px,n_branch_points,n_end_points,mean_tortuosity,skeleton_pixels,method,sample_id
0.0587226558206002,1054.9158723275377,3.3647235679480025,34.0,20.0,1.0761183015569786,891.0,ground_truth,01
0.01681873144992855,235.5096679918781,3.740272839674187,8.0,18.0,1.0452283604114767,213.0,frangi,01
0.0592503022974607,1061.3300858899108,3.3837327765325917,33.0,20.0,1.0761735802187733,895.0,rf,01
0.0590744201385072,1057.5016587651646,3.374389634105865,33.0,20.0,1.0754857558039848,892.0,svm,01
0.07727822359019457,1033.1168824543142,3.839353039491094,44.0,34.0,1.0788111482862177,889.0,unet,01
0.06094316807738815,1047.8864350760148,3.4277672927097718,49.0,24.0,1.064559813880832,871.0,ground_truth,02
0.03280202264482796,501.0020920410531,3.40652742695701,11.0,31.0,1.0549131064419706,440.0,frangi,02
0.06127294712542596,1049.8864350760148,3.440638715365307,53.0,24.0,1.0640751866549933,871.0,rf,02
0.06114103550621084,1051.4722215136417,3.4311088327433645,54.0,24.0,1.064290977533574,873.0,svm,02
0.0777618995273167,1024.288455329568,3.927537162985416,42.0,30.0,1.0887952717362532,880.0,unet,02
0.05628229086512037,1123.7564927611036,3.15187874712004,74.0,23.0,1.0741500221993003,921.0,ground_truth,03
0.028426953940859624,451.3452377915607,3.3786726066587205,28.0,25.0,1.0687227496643643,378.0,frangi,03
0.05667802572276575,1111.7859300126265,3.1778429368817416,72.0,23.0,1.0745260325787078,915.0,rf,03
0.056590084643289,1106.9575028878803,3.1770629958958865,71.0,23.0,1.0724587214139631,912.0,svm,03
0.07609101901725844,1061.3595231414336,3.751780282395175,59.0,33.0,1.0862512564577087,907.0,unet,03
0.036583489062328244,571.7127701597079,3.6640151624828783,12.0,11.0,1.0819354884914616,479.0,ground_truth,04
0.020006595580960757,292.2497833620557,3.5478321910227733,12.0,17.0,1.0551144786248703,251.0,frangi,04
0.037089150269319554,575.1269837220809,3.678128391065945,12.0,11.0,1.080426557916304,482.0,rf,04
0.0368253270308893,571.7127701597079,3.6699291827960256,12.0,11.0,1.0819354884914616,479.0,svm,04
0.04566340551830274,560.570634535977,4.082148095307443,16.0,22.0,1.0836590455216433,486.0,unet,04
