dice,iou,sensitivity,specificity,precision,tp,fp,fn,tn,method,sample_id,split
0.44528521536670546,0.2864095844253089,0.2864095844253089,1.0,1.0,765.0,0.0,1906.0,42814.0,frangi,01,test
0.995527394707417,0.9910946196660483,1.0,0.9994394356986033,0.9910946196660483,2671.0,24.0,0.0,42790.0,rf,01,test
0.9966405375139977,0.9933035714285714,0.9996256083863722,0.999602933619844,0.9936732415333085,2670.0,17.0,1.0,42797.0,svm,01,test
0.8574199806013579,0.7504244482173175,0.9928865593410707,0.9798430419956089,0.7544807965860597,2652.0,863.0,19.0,41951.0,unet,01,test
0.699812382739212,0.5382395382395382,0.5382395382395382,1.0,1.0,1492.0,0.0,1280.0,42713.0,frangi,02,test
0.9973016729627631,0.9946178686759957,1.0,0.9996488188607684,0.9946178686759957,2772.0,15.0,0.0,42698.0,rf,02,test
0.9980190887808392,0.9960460100647016,0.9996392496392497,0.9997658792405123,0.9964041711614527,2771.0,10.0,1.0,42703.0,svm,02,test
0.8746235536535109,0.7771830985915493,0.9953102453102453,0.9817854049118535,0.7800395815662992,2759.0,778.0,13.0,41935.0,unet,02,test
0.671165325720218,0.505078125,0.505078125,1.0,1.0,1293.0,0.0,1267.0,42925.0,frangi,03,test
0.9961074347995329,0.9922450562233424,0.999609375,0.9995573675014561,0.9926299456943367,2559.0,19.0,1.0,42906.0,rf,03,test
0.9964939618231399,0.9930124223602484,0.99921875,0.9996272568433314,0.9937839937839937,2558.0,16.0,2.0,42909.0,svm,03,test
0.8427171566185019,0.7281859931113662,0.991015625,0.9784740827023879,0.7330251372435712,2537.0,924.0,23.0,42001.0,unet,03,test
0.7070707070707071,0.546875,0.546875,1.0,1.0,910.0,0.0,754.0,43821.0,frangi,04,test
0.9931363772008356,0.9863663307646711,1.0,0.9994751374911572,0.9863663307646711,1664.0,23.0,0.0,43798.0,rf,04,test
0.9967056004791854,0.9934328358208955,1.0,0.9997489788001187,0.9934328358208955,1664.0,11.0,0.0,43810.0,svm,04,test
0.8853247794707297,0.7942446043165468,0.9951923076923077,0.9903927340772689,0.797303803562831,1656.0,421.0,8.0,43400.0,unet,04,test
